fname,method,aopc
IM-0001-0001,gradcam,0.1887
IM-0001-0001,shap,0.2966
IM-0003-0001,gradcam,0.1377
IM-0003-0001,shap,0.285
IM-0005-0001,gradcam,0.1595
IM-0005-0001,shap,0.1837
IM-0006-0001,gradcam,0.1773
IM-0006-0001,shap,0.2037
IM-0007-0001,gradcam,0.166
IM-0007-0001,shap,0.3599
IM-0009-0001,gradcam,0.1042
IM-0009-0001,shap,0.1684
IM-0010-0001,gradcam,0.1126
IM-0010-0001,shap,0.1899
IM-0011-0001-0001,gradcam,0.194
IM-0011-0001-0001,shap,0.2956
IM-0011-0001-0002,gradcam,0.1795
IM-0011-0001-0002,shap,0.1773
IM-0011-0001,gradcam,0.2557
IM-0011-0001,shap,0.4167
IM-0013-0001,gradcam,0.1905
IM-0013-0001,shap,0.267
IM-0015-0001,gradcam,0.1668
IM-0015-0001,shap,0.2278
IM-0016-0001,gradcam,0.1378
IM-0016-0001,shap,0.2651
IM-0017-0001,gradcam,0.1344
IM-0017-0001,shap,0.2092
IM-0019-0001,gradcam,0.1211
IM-0019-0001,shap,0.185
IM-0021-0001,gradcam,0.1511
IM-0021-0001,shap,0.2166
IM-0022-0001,gradcam,0.0924
IM-0022-0001,shap,0.1827
IM-0023-0001,gradcam,0.1809
IM-0023-0001,shap,0.2907
IM-0025-0001,gradcam,0.0793
IM-0025-0001,shap,0.1238
IM-0027-0001,gradcam,0.1314
IM-0027-0001,shap,0.24
IM-0028-0001,gradcam,0.1001
IM-0028-0001,shap,0.168
IM-0029-0001,gradcam,0.0693
IM-0029-0001,shap,0.1885
IM-0030-0001,gradcam,0.1675
IM-0030-0001,shap,0.3968
IM-0031-0001,gradcam,0.2267
IM-0031-0001,shap,0.2091
IM-0033-0001-0001,gradcam,0.1697
IM-0033-0001-0001,shap,0.2695
IM-0033-0001-0002,gradcam,0.1631
IM-0033-0001-0002,shap,0.2818
IM-0033-0001,gradcam,0.1912
IM-0033-0001,shap,0.3202
IM-0035-0001,gradcam,0.102
IM-0035-0001,shap,0.2262
IM-0036-0001,gradcam,0.1443
IM-0036-0001,shap,0.3069
IM-0037-0001,gradcam,0.2128
IM-0037-0001,shap,0.3064
IM-0039-0001,gradcam,0.1952
IM-0039-0001,shap,0.1964
IM-0041-0001,gradcam,0.0947
IM-0041-0001,shap,0.3349
IM-0043-0001,gradcam,0.0767
IM-0043-0001,shap,0.1932
IM-0045-0001,gradcam,0.129
IM-0045-0001,shap,0.1778
IM-0046-0001,gradcam,0.1704
IM-0046-0001,shap,0.2104
IM-0049-0001,gradcam,0.2482
IM-0049-0001,shap,0.3459
IM-0050-0001,gradcam,-0.0344
IM-0050-0001,shap,0.1856
IM-0059-0001,gradcam,0.1068
IM-0059-0001,shap,0.2318
IM-0061-0001,gradcam,0.1643
IM-0061-0001,shap,0.1688
IM-0063-0001,gradcam,0.1106
IM-0063-0001,shap,0.3178
IM-0065-0001,gradcam,0.139
IM-0065-0001,shap,0.2297
IM-0067-0001,gradcam,0.207
IM-0067-0001,shap,0.2338
IM-0069-0001,gradcam,0.1019
IM-0069-0001,shap,0.1983
IM-0070-0001,gradcam,0.1359
IM-0070-0001,shap,0.4025
IM-0071-0001,gradcam,0.199
IM-0071-0001,shap,0.1933
IM-0073-0001,gradcam,0.0774
IM-0073-0001,shap,0.1797
IM-0075-0001,gradcam,0.1585
IM-0075-0001,shap,0.266
IM-0077-0001,gradcam,0.1348
IM-0077-0001,shap,0.3039
IM-0079-0001,gradcam,0.1288
IM-0079-0001,shap,0.2147
IM-0081-0001,gradcam,0.1224
IM-0081-0001,shap,0.2306
IM-0083-0001,gradcam,0.0856
IM-0083-0001,shap,0.2107
IM-0084-0001,gradcam,0.1689
IM-0084-0001,shap,0.24
IM-0085-0001,gradcam,0.1919
IM-0085-0001,shap,0.3363
IM-0086-0001,gradcam,0.1895
IM-0086-0001,shap,0.3038
IM-0087-0001,gradcam,0.1351
IM-0087-0001,shap,0.2655
IM-0089-0001,gradcam,0.2644
IM-0089-0001,shap,0.2294
IM-0091-0001,gradcam,0.1937
IM-0091-0001,shap,0.2733
IM-0093-0001,gradcam,0.0989
IM-0093-0001,shap,0.1673
IM-0095-0001,gradcam,0.1634
IM-0095-0001,shap,0.1568
IM-0097-0001,gradcam,0.1014
IM-0097-0001,shap,0.1679
IM-0099-0001,gradcam,0.1835
IM-0099-0001,shap,0.1969
IM-0101-0001,gradcam,0.1002
IM-0101-0001,shap,0.2007
IM-0102-0001,gradcam,0.1209
IM-0102-0001,shap,0.3928
IM-0103-0001,gradcam,0.1337
IM-0103-0001,shap,0.1974
IM-0105-0001,gradcam,0.1332
IM-0105-0001,shap,0.2354
IM-0107-0001,gradcam,0.1665
IM-0107-0001,shap,0.2957
IM-0109-0001,gradcam,0.1312
IM-0109-0001,shap,0.2666
IM-0110-0001,gradcam,0.1432
IM-0110-0001,shap,0.3027
IM-0111-0001,gradcam,0.1645
IM-0111-0001,shap,0.2763
NORMAL2-IM-0007-0001,gradcam,0.1797
NORMAL2-IM-0007-0001,shap,0.3269
NORMAL2-IM-0012-0001,gradcam,0.1807
NORMAL2-IM-0012-0001,shap,0.3138
NORMAL2-IM-0013-0001,gradcam,0.1535
NORMAL2-IM-0013-0001,shap,0.2124
NORMAL2-IM-0019-0001,gradcam,0.1573
NORMAL2-IM-0019-0001,shap,0.3482
NORMAL2-IM-0023-0001,gradcam,0.1274
NORMAL2-IM-0023-0001,shap,0.303
NORMAL2-IM-0027-0001,gradcam,0.1643
NORMAL2-IM-0027-0001,shap,0.3087
NORMAL2-IM-0028-0001,gradcam,0.1603
NORMAL2-IM-0028-0001,shap,0.2671
NORMAL2-IM-0029-0001,gradcam,0.2036
NORMAL2-IM-0029-0001,shap,0.3579
NORMAL2-IM-0030-0001,gradcam,0.1155
NORMAL2-IM-0030-0001,shap,0.296
NORMAL2-IM-0033-0001,gradcam,0.1266
NORMAL2-IM-0033-0001,shap,0.2203
NORMAL2-IM-0035-0001,gradcam,0.084
NORMAL2-IM-0035-0001,shap,0.1775
NORMAL2-IM-0041-0001,gradcam,0.1024
NORMAL2-IM-0041-0001,shap,0.2164
NORMAL2-IM-0045-0001,gradcam,0.196
NORMAL2-IM-0045-0001,shap,0.1964
NORMAL2-IM-0051-0001,gradcam,0.1329
NORMAL2-IM-0051-0001,shap,0.2567
NORMAL2-IM-0052-0001,gradcam,0.1381
NORMAL2-IM-0052-0001,shap,0.368
NORMAL2-IM-0058-0001,gradcam,0.1276
NORMAL2-IM-0058-0001,shap,0.2671
NORMAL2-IM-0059-0001,gradcam,0.2006
NORMAL2-IM-0059-0001,shap,0.3112
NORMAL2-IM-0060-0001,gradcam,0.1262
NORMAL2-IM-0060-0001,shap,0.2701
NORMAL2-IM-0066-0001,gradcam,0.1509
NORMAL2-IM-0066-0001,shap,0.3009
NORMAL2-IM-0072-0001,gradcam,0.2211
NORMAL2-IM-0072-0001,shap,0.2388
NORMAL2-IM-0073-0001,gradcam,0.1449
NORMAL2-IM-0073-0001,shap,0.2482
NORMAL2-IM-0079-0001,gradcam,0.064
NORMAL2-IM-0079-0001,shap,0.1962
NORMAL2-IM-0081-0001,gradcam,0.1366
NORMAL2-IM-0081-0001,shap,0.3018
NORMAL2-IM-0086-0001,gradcam,0.2194
NORMAL2-IM-0086-0001,shap,0.2198
NORMAL2-IM-0092-0001,gradcam,0.1831
NORMAL2-IM-0092-0001,shap,0.2804
NORMAL2-IM-0095-0001,gradcam,0.0747
NORMAL2-IM-0095-0001,shap,0.2606
NORMAL2-IM-0096-0001,gradcam,0.0747
NORMAL2-IM-0096-0001,shap,0.2611
NORMAL2-IM-0098-0001,gradcam,0.0535
NORMAL2-IM-0098-0001,shap,0.2863
NORMAL2-IM-0102-0001,gradcam,0.1694
NORMAL2-IM-0102-0001,shap,0.3516
NORMAL2-IM-0105-0001,gradcam,0.1334
NORMAL2-IM-0105-0001,shap,0.3113
NORMAL2-IM-0107-0001,gradcam,0.118
NORMAL2-IM-0107-0001,shap,0.3648
NORMAL2-IM-0110-0001,gradcam,0.1284
NORMAL2-IM-0110-0001,shap,0.2591
NORMAL2-IM-0111-0001,gradcam,0.1149
NORMAL2-IM-0111-0001,shap,0.2425
NORMAL2-IM-0112-0001,gradcam,0.0967
NORMAL2-IM-0112-0001,shap,0.2602
NORMAL2-IM-0117-0001,gradcam,0.1268
NORMAL2-IM-0117-0001,shap,0.1842
NORMAL2-IM-0120-0001,gradcam,0.1674
NORMAL2-IM-0120-0001,shap,0.3342
NORMAL2-IM-0123-0001,gradcam,0.0801
NORMAL2-IM-0123-0001,shap,0.2016
NORMAL2-IM-0129-0001,gradcam,0.1537
NORMAL2-IM-0129-0001,shap,0.235
NORMAL2-IM-0130-0001,gradcam,0.199
NORMAL2-IM-0130-0001,shap,0.2806
NORMAL2-IM-0131-0001,gradcam,0.1356
NORMAL2-IM-0131-0001,shap,0.2386
NORMAL2-IM-0132-0001,gradcam,0.1429
NORMAL2-IM-0132-0001,shap,0.2216
NORMAL2-IM-0135-0001,gradcam,0.1218
NORMAL2-IM-0135-0001,shap,0.1864
NORMAL2-IM-0139-0001,gradcam,0.1428
NORMAL2-IM-0139-0001,shap,0.2183
NORMAL2-IM-0141-0001,gradcam,0.1697
NORMAL2-IM-0141-0001,shap,0.2777
NORMAL2-IM-0145-0001,gradcam,0.2121
NORMAL2-IM-0145-0001,shap,0.2507
NORMAL2-IM-0146-0001,gradcam,0.1059
NORMAL2-IM-0146-0001,shap,0.2145
NORMAL2-IM-0150-0001,gradcam,0.2188
NORMAL2-IM-0150-0001,shap,0.2912
NORMAL2-IM-0171-0001,gradcam,0.0977
NORMAL2-IM-0171-0001,shap,0.1783
NORMAL2-IM-0173-0001-0001,gradcam,0.1106
NORMAL2-IM-0173-0001-0001,shap,0.341
NORMAL2-IM-0173-0001-0002,gradcam,0.1106
NORMAL2-IM-0173-0001-0002,shap,0.3125
NORMAL2-IM-0195-0001,gradcam,0.1107
NORMAL2-IM-0195-0001,shap,0.2625
NORMAL2-IM-0196-0001,gradcam,0.0975
NORMAL2-IM-0196-0001,shap,0.2274
NORMAL2-IM-0198-0001,gradcam,0.2427
NORMAL2-IM-0198-0001,shap,0.2282
NORMAL2-IM-0199-0001,gradcam,0.1378
NORMAL2-IM-0199-0001,shap,0.2611
NORMAL2-IM-0201-0001,gradcam,0.1857
NORMAL2-IM-0201-0001,shap,0.2733
NORMAL2-IM-0206-0001,gradcam,0.1582
NORMAL2-IM-0206-0001,shap,0.2743
NORMAL2-IM-0207-0001,gradcam,0.2053
NORMAL2-IM-0207-0001,shap,0.2307
NORMAL2-IM-0210-0001,gradcam,0.1106
NORMAL2-IM-0210-0001,shap,0.1554
NORMAL2-IM-0213-0001,gradcam,0.0743
NORMAL2-IM-0213-0001,shap,0.199
NORMAL2-IM-0217-0001,gradcam,0.1411
NORMAL2-IM-0217-0001,shap,0.1983
NORMAL2-IM-0219-0001,gradcam,0.1345
NORMAL2-IM-0219-0001,shap,0.1813
NORMAL2-IM-0221-0001,gradcam,0.1517
NORMAL2-IM-0221-0001,shap,0.1994
NORMAL2-IM-0222-0001,gradcam,0.1405
NORMAL2-IM-0222-0001,shap,0.2547
NORMAL2-IM-0229-0001,gradcam,0.0984
NORMAL2-IM-0229-0001,shap,0.2106
NORMAL2-IM-0232-0001,gradcam,0.053
NORMAL2-IM-0232-0001,shap,0.2014
NORMAL2-IM-0233-0001,gradcam,0.0701
NORMAL2-IM-0233-0001,shap,0.1889
NORMAL2-IM-0237-0001,gradcam,0.1512
NORMAL2-IM-0237-0001,shap,0.2614
NORMAL2-IM-0238-0001,gradcam,0.0946
NORMAL2-IM-0238-0001,shap,0.1662
NORMAL2-IM-0241-0001,gradcam,0.1215
NORMAL2-IM-0241-0001,shap,0.1878
NORMAL2-IM-0246-0001-0001,gradcam,0.1656
NORMAL2-IM-0246-0001-0001,shap,0.3514
NORMAL2-IM-0246-0001-0002,gradcam,0.1656
NORMAL2-IM-0246-0001-0002,shap,0.3567
NORMAL2-IM-0246-0001,gradcam,0.1228
NORMAL2-IM-0246-0001,shap,0.2099
NORMAL2-IM-0249-0001,gradcam,0.07
NORMAL2-IM-0249-0001,shap,0.2573
NORMAL2-IM-0251-0001,gradcam,0.1596
NORMAL2-IM-0251-0001,shap,0.3395
NORMAL2-IM-0252-0001,gradcam,0.0649
NORMAL2-IM-0252-0001,shap,0.0544
NORMAL2-IM-0256-0001,gradcam,0.0825
NORMAL2-IM-0256-0001,shap,0.1505
NORMAL2-IM-0259-0001,gradcam,0.1794
NORMAL2-IM-0259-0001,shap,0.276
NORMAL2-IM-0267-0001,gradcam,0.1784
NORMAL2-IM-0267-0001,shap,0.2326
NORMAL2-IM-0271-0001,gradcam,0.0961
NORMAL2-IM-0271-0001,shap,0.178
NORMAL2-IM-0272-0001,gradcam,0.0769
NORMAL2-IM-0272-0001,shap,0.2142
NORMAL2-IM-0273-0001,gradcam,0.1924
NORMAL2-IM-0273-0001,shap,0.2933
NORMAL2-IM-0274-0001,gradcam,0.195
NORMAL2-IM-0274-0001,shap,0.3096
NORMAL2-IM-0275-0001,gradcam,0.068
NORMAL2-IM-0275-0001,shap,0.2222
NORMAL2-IM-0276-0001,gradcam,0.19
NORMAL2-IM-0276-0001,shap,0.2785
NORMAL2-IM-0277-0001,gradcam,0.1763
NORMAL2-IM-0277-0001,shap,0.3226
NORMAL2-IM-0278-0001,gradcam,0.118
NORMAL2-IM-0278-0001,shap,0.2928
NORMAL2-IM-0279-0001,gradcam,0.1454
NORMAL2-IM-0279-0001,shap,0.2574
NORMAL2-IM-0280-0001,gradcam,0.127
NORMAL2-IM-0280-0001,shap,0.2614
NORMAL2-IM-0281-0001,gradcam,0.1444
NORMAL2-IM-0281-0001,shap,0.2633
NORMAL2-IM-0282-0001,gradcam,0.1692
NORMAL2-IM-0282-0001,shap,0.2768
NORMAL2-IM-0283-0001,gradcam,0.074
NORMAL2-IM-0283-0001,shap,0.2368
NORMAL2-IM-0285-0001,gradcam,0.1397
NORMAL2-IM-0285-0001,shap,0.2133
NORMAL2-IM-0286-0001,gradcam,0.1173
NORMAL2-IM-0286-0001,shap,0.2539
NORMAL2-IM-0287-0001,gradcam,0.1772
NORMAL2-IM-0287-0001,shap,0.2555
NORMAL2-IM-0288-0001,gradcam,0.1139
NORMAL2-IM-0288-0001,shap,0.2107
NORMAL2-IM-0289-0001,gradcam,0.0919
NORMAL2-IM-0289-0001,shap,0.253
NORMAL2-IM-0290-0001,gradcam,0.1531
NORMAL2-IM-0290-0001,shap,0.2441
NORMAL2-IM-0292-0001,gradcam,0.2195
NORMAL2-IM-0292-0001,shap,0.235
NORMAL2-IM-0294-0001,gradcam,0.1408
NORMAL2-IM-0294-0001,shap,0.2331
NORMAL2-IM-0297-0001,gradcam,0.0639
NORMAL2-IM-0297-0001,shap,0.1698
NORMAL2-IM-0300-0001,gradcam,0.1168
NORMAL2-IM-0300-0001,shap,0.262
NORMAL2-IM-0301-0001,gradcam,0.1883
NORMAL2-IM-0301-0001,shap,0.3177
NORMAL2-IM-0302-0001,gradcam,0.1515
NORMAL2-IM-0302-0001,shap,0.4074
NORMAL2-IM-0303-0001,gradcam,0.1755
NORMAL2-IM-0303-0001,shap,0.2639
NORMAL2-IM-0304-0001,gradcam,0.1882
NORMAL2-IM-0304-0001,shap,0.1731
NORMAL2-IM-0305-0001,gradcam,0.1366
NORMAL2-IM-0305-0001,shap,0.2952
NORMAL2-IM-0307-0001,gradcam,0.1807
NORMAL2-IM-0307-0001,shap,0.2749
NORMAL2-IM-0309-0001,gradcam,0.1737
NORMAL2-IM-0309-0001,shap,0.2448
NORMAL2-IM-0310-0001,gradcam,0.0673
NORMAL2-IM-0310-0001,shap,0.2476
NORMAL2-IM-0311-0001,gradcam,0.2148
NORMAL2-IM-0311-0001,shap,0.3627
NORMAL2-IM-0312-0001,gradcam,0.1083
NORMAL2-IM-0312-0001,shap,0.2371
NORMAL2-IM-0313-0001,gradcam,0.1305
NORMAL2-IM-0313-0001,shap,0.3641
NORMAL2-IM-0315-0001,gradcam,0.0352
NORMAL2-IM-0315-0001,shap,0.1817
NORMAL2-IM-0316-0001,gradcam,0.2127
NORMAL2-IM-0316-0001,shap,0.251
NORMAL2-IM-0317-0001,gradcam,0.1024
NORMAL2-IM-0317-0001,shap,0.2816
NORMAL2-IM-0319-0001,gradcam,0.1916
NORMAL2-IM-0319-0001,shap,0.3329
NORMAL2-IM-0321-0001,gradcam,0.1877
NORMAL2-IM-0321-0001,shap,0.3172
NORMAL2-IM-0322-0001,gradcam,0.1165
NORMAL2-IM-0322-0001,shap,0.3778
NORMAL2-IM-0323-0001,gradcam,0.1367
NORMAL2-IM-0323-0001,shap,0.1543
NORMAL2-IM-0325-0001,gradcam,0.1271
NORMAL2-IM-0325-0001,shap,0.2653
NORMAL2-IM-0326-0001,gradcam,0.1677
NORMAL2-IM-0326-0001,shap,0.2705
NORMAL2-IM-0327-0001,gradcam,0.0189
NORMAL2-IM-0327-0001,shap,0.1466
NORMAL2-IM-0328-0001,gradcam,0.1242
NORMAL2-IM-0328-0001,shap,0.3001
NORMAL2-IM-0329-0001,gradcam,0.115
NORMAL2-IM-0329-0001,shap,0.2759
NORMAL2-IM-0330-0001,gradcam,0.0546
NORMAL2-IM-0330-0001,shap,0.1815
NORMAL2-IM-0331-0001,gradcam,0.1244
NORMAL2-IM-0331-0001,shap,0.3012
NORMAL2-IM-0332-0001,gradcam,0.2231
NORMAL2-IM-0332-0001,shap,0.3605
NORMAL2-IM-0333-0001,gradcam,0.0638
NORMAL2-IM-0333-0001,shap,0.2215
NORMAL2-IM-0335-0001,gradcam,0.133
NORMAL2-IM-0335-0001,shap,0.2173
NORMAL2-IM-0336-0001,gradcam,0.2512
NORMAL2-IM-0336-0001,shap,0.2084
NORMAL2-IM-0337-0001,gradcam,0.1404
NORMAL2-IM-0337-0001,shap,0.2233
NORMAL2-IM-0338-0001,gradcam,0.1806
NORMAL2-IM-0338-0001,shap,0.2147
NORMAL2-IM-0339-0001,gradcam,0.1758
NORMAL2-IM-0339-0001,shap,0.3596
NORMAL2-IM-0340-0001,gradcam,0.0796
NORMAL2-IM-0340-0001,shap,0.107
NORMAL2-IM-0341-0001,gradcam,0.0938
NORMAL2-IM-0341-0001,shap,0.2651
NORMAL2-IM-0343-0001,gradcam,0.0892
NORMAL2-IM-0343-0001,shap,0.2212
NORMAL2-IM-0345-0001,gradcam,0.1593
NORMAL2-IM-0345-0001,shap,0.3104
NORMAL2-IM-0346-0001,gradcam,0.1097
NORMAL2-IM-0346-0001,shap,0.2411
NORMAL2-IM-0347-0001,gradcam,0.1754
NORMAL2-IM-0347-0001,shap,0.2842
NORMAL2-IM-0348-0001,gradcam,0.1763
NORMAL2-IM-0348-0001,shap,0.2834
NORMAL2-IM-0349-0001,gradcam,0.1748
NORMAL2-IM-0349-0001,shap,0.2248
NORMAL2-IM-0350-0001,gradcam,0.0808
NORMAL2-IM-0350-0001,shap,0.2163
NORMAL2-IM-0351-0001,gradcam,0.0446
NORMAL2-IM-0351-0001,shap,0.1855
NORMAL2-IM-0352-0001,gradcam,0.2339
NORMAL2-IM-0352-0001,shap,0.315
NORMAL2-IM-0353-0001,gradcam,0.1548
NORMAL2-IM-0353-0001,shap,0.26
NORMAL2-IM-0354-0001,gradcam,0.1038
NORMAL2-IM-0354-0001,shap,0.3473
NORMAL2-IM-0357-0001,gradcam,0.0834
NORMAL2-IM-0357-0001,shap,0.251
NORMAL2-IM-0359-0001,gradcam,0.2523
NORMAL2-IM-0359-0001,shap,0.314
NORMAL2-IM-0360-0001,gradcam,0.2295
NORMAL2-IM-0360-0001,shap,0.3489
NORMAL2-IM-0361-0001,gradcam,0.2217
NORMAL2-IM-0361-0001,shap,0.228
NORMAL2-IM-0362-0001,gradcam,0.1734
NORMAL2-IM-0362-0001,shap,0.265
NORMAL2-IM-0364-0001,gradcam,0.0178
NORMAL2-IM-0364-0001,shap,0.1895
NORMAL2-IM-0366-0001,gradcam,0.0518
NORMAL2-IM-0366-0001,shap,0.192
NORMAL2-IM-0368-0001,gradcam,0.1216
NORMAL2-IM-0368-0001,shap,0.2372
NORMAL2-IM-0369-0001,gradcam,0.1316
NORMAL2-IM-0369-0001,shap,0.1794
NORMAL2-IM-0370-0001,gradcam,0.151
NORMAL2-IM-0370-0001,shap,0.3811
NORMAL2-IM-0372-0001,gradcam,0.1161
NORMAL2-IM-0372-0001,shap,0.2711
NORMAL2-IM-0373-0001,gradcam,0.2053
NORMAL2-IM-0373-0001,shap,0.2084
NORMAL2-IM-0374-0001-0001,gradcam,0.2075
NORMAL2-IM-0374-0001-0001,shap,0.311
NORMAL2-IM-0374-0001-0002,gradcam,0.0618
NORMAL2-IM-0374-0001-0002,shap,0.2394
NORMAL2-IM-0374-0001,gradcam,0.1885
NORMAL2-IM-0374-0001,shap,0.2771
NORMAL2-IM-0376-0001,gradcam,0.1051
NORMAL2-IM-0376-0001,shap,0.2389
NORMAL2-IM-0378-0001,gradcam,0.1765
NORMAL2-IM-0378-0001,shap,0.3001
NORMAL2-IM-0380-0001,gradcam,0.2248
NORMAL2-IM-0380-0001,shap,0.2911
NORMAL2-IM-0381-0001,gradcam,0.0417
NORMAL2-IM-0381-0001,shap,0.191
person100_bacteria_475,gradcam,0.1181
person100_bacteria_475,shap,0.3109
person100_bacteria_477,gradcam,0.1197
person100_bacteria_477,shap,0.2456
person100_bacteria_478,gradcam,0.0311
person100_bacteria_478,shap,0.0774
person100_bacteria_479,gradcam,0.0079
person100_bacteria_479,shap,0.3161
person100_bacteria_480,gradcam,0.1843
person100_bacteria_480,shap,0.3233
person100_bacteria_481,gradcam,0.1879
person100_bacteria_481,shap,0.3738
person100_bacteria_482,gradcam,0.1018
person100_bacteria_482,shap,0.1893
person101_bacteria_483,gradcam,0.152
person101_bacteria_483,shap,0.103
person101_bacteria_484,gradcam,0.1108
person101_bacteria_484,shap,0.1598
person101_bacteria_485,gradcam,0.1308
person101_bacteria_485,shap,0.323
person101_bacteria_486,gradcam,0.1697
person101_bacteria_486,shap,0.3297
person102_bacteria_487,gradcam,0.1432
person102_bacteria_487,shap,0.2719
person103_bacteria_488,gradcam,0.2095
person103_bacteria_488,shap,0.3084
person103_bacteria_489,gradcam,0.1526
person103_bacteria_489,shap,0.29
person103_bacteria_490,gradcam,0.1479
person103_bacteria_490,shap,0.23
person104_bacteria_491,gradcam,0.137
person104_bacteria_491,shap,0.3255
person104_bacteria_492,gradcam,-0.0014
person104_bacteria_492,shap,0.1652
person108_bacteria_504,gradcam,0.2684
person108_bacteria_504,shap,0.2578
person108_bacteria_506,gradcam,0.1636
person108_bacteria_506,shap,0.1455
person108_bacteria_507,gradcam,0.2214
person108_bacteria_507,shap,0.3356
person108_bacteria_511,gradcam,0.1254
person108_bacteria_511,shap,0.2812
person109_bacteria_512,gradcam,0.1554
person109_bacteria_512,shap,0.0885
person109_bacteria_513,gradcam,0.1462
person109_bacteria_513,shap,0.2393
person109_bacteria_517,gradcam,0.1109
person109_bacteria_517,shap,0.2242
person109_bacteria_519,gradcam,0.1395
person109_bacteria_519,shap,0.2332
person109_bacteria_522,gradcam,-0.0068
person109_bacteria_522,shap,0.1012
person109_bacteria_523,gradcam,0.1775
person109_bacteria_523,shap,0.1783
person109_bacteria_526,gradcam,0.1036
person109_bacteria_526,shap,0.1861
person109_bacteria_527,gradcam,0.1105
person109_bacteria_527,shap,0.2117
person109_bacteria_528,gradcam,0.0426
person109_bacteria_528,shap,0.1472
person10_virus_35,gradcam,0.2197
person10_virus_35,shap,0.2641
person110_bacteria_531,gradcam,0.1294
person110_bacteria_531,shap,0.294
person111_bacteria_533,gradcam,0.0562
person111_bacteria_533,shap,0.2198
person111_bacteria_534,gradcam,0.1231
person111_bacteria_534,shap,0.142
person111_bacteria_535,gradcam,0.1529
person111_bacteria_535,shap,0.2611
person111_bacteria_536,gradcam,0.097
person111_bacteria_536,shap,0.2316
person111_bacteria_537,gradcam,0.1551
person111_bacteria_537,shap,0.2684
person112_bacteria_538,gradcam,0.1427
person112_bacteria_538,shap,0.2694
person112_bacteria_539,gradcam,0.1171
person112_bacteria_539,shap,0.1965
person113_bacteria_540,gradcam,0.1226
person113_bacteria_540,shap,0.1954
person113_bacteria_541,gradcam,0.1997
person113_bacteria_541,shap,0.2747
person113_bacteria_542,gradcam,0.1394
person113_bacteria_542,shap,0.2787
person113_bacteria_543,gradcam,0.0835
person113_bacteria_543,shap,0.2131
person114_bacteria_544,gradcam,0.1382
person114_bacteria_544,shap,0.2061
person114_bacteria_545,gradcam,0.1614
person114_bacteria_545,shap,0.2629
person114_bacteria_546,gradcam,0.1281
person114_bacteria_546,shap,0.2438
person117_bacteria_553,gradcam,0.1184
person117_bacteria_553,shap,0.2407
person117_bacteria_556,gradcam,0.0694
person117_bacteria_556,shap,0.2353
person117_bacteria_557,gradcam,0.0538
person117_bacteria_557,shap,0.1482
person118_bacteria_559,gradcam,0.0418
person118_bacteria_559,shap,0.1126
person118_bacteria_560,gradcam,0.173
person118_bacteria_560,shap,0.2423
person119_bacteria_565,gradcam,0.1724
person119_bacteria_565,shap,0.3033
person119_bacteria_566,gradcam,0.1022
person119_bacteria_566,shap,0.1494
person119_bacteria_567,gradcam,0.1307
person119_bacteria_567,shap,0.2899
person119_bacteria_568,gradcam,0.2121
person119_bacteria_568,shap,0.2837
person11_virus_38,gradcam,0.2044
person11_virus_38,shap,0.3884
person120_bacteria_570,gradcam,0.1618
person120_bacteria_570,shap,0.3285
person120_bacteria_571,gradcam,0.0687
person120_bacteria_571,shap,0.2093
person120_bacteria_572,gradcam,0.1502
person120_bacteria_572,shap,0.143
person120_bacteria_573,gradcam,0.0158
person120_bacteria_573,shap,0.1157
person121_bacteria_575,gradcam,0.056
person121_bacteria_575,shap,0.1864
person121_bacteria_576,gradcam,0.0698
person121_bacteria_576,shap,0.2455
person121_bacteria_578,gradcam,-0.0149
person121_bacteria_578,shap,0.2381
person121_bacteria_579,gradcam,0.1097
person121_bacteria_579,shap,0.2512
person121_bacteria_580,gradcam,0.0804
person121_bacteria_580,shap,0.2481
person122_bacteria_581,gradcam,0.118
person122_bacteria_581,shap,0.2671
person122_bacteria_582,gradcam,0.0908
person122_bacteria_582,shap,0.2866
person122_bacteria_583,gradcam,0.1637
person122_bacteria_583,shap,0.3708
person122_bacteria_584,gradcam,0.1034
person122_bacteria_584,shap,0.2454
person122_bacteria_585,gradcam,0.1723
person122_bacteria_585,shap,0.3875
person122_bacteria_586,gradcam,0.0615
person122_bacteria_586,shap,0.1582
person123_bacteria_587,gradcam,0.0816
person123_bacteria_587,shap,0.2472
person124_bacteria_589,gradcam,0.0926
person124_bacteria_589,shap,0.2795
person124_bacteria_590,gradcam,0.0683
person124_bacteria_590,shap,0.2637
person124_bacteria_591,gradcam,0.0987
person124_bacteria_591,shap,0.2622
person124_bacteria_592,gradcam,0.0794
person124_bacteria_592,shap,0.2665
person125_bacteria_594,gradcam,0.1965
person125_bacteria_594,shap,0.3067
person125_bacteria_595,gradcam,0.1689
person125_bacteria_595,shap,0.3018
person126_bacteria_598,gradcam,0.1084
person126_bacteria_598,shap,0.2824
person126_bacteria_599,gradcam,0.1476
person126_bacteria_599,shap,0.197
person126_bacteria_600,gradcam,0.0913
person126_bacteria_600,shap,0.206
person127_bacteria_602,gradcam,0.1163
person127_bacteria_602,shap,0.2207
person127_bacteria_603,gradcam,0.1448
person127_bacteria_603,shap,0.2639
person127_bacteria_604,gradcam,0.0935
person127_bacteria_604,shap,0.3139
person128_bacteria_605,gradcam,0.0893
person128_bacteria_605,shap,0.2469
person128_bacteria_606,gradcam,0.1846
person128_bacteria_606,shap,0.3286
person128_bacteria_607,gradcam,0.1846
person128_bacteria_607,shap,0.3345
person128_bacteria_608,gradcam,0.1203
person128_bacteria_608,shap,0.3622
person130_bacteria_623,gradcam,-0.0288
person130_bacteria_623,shap,0.1074
person130_bacteria_625,gradcam,0.1192
person130_bacteria_625,shap,0.1692
person130_bacteria_626,gradcam,0.1302
person130_bacteria_626,shap,0.2086
person130_bacteria_627,gradcam,0.1319
person130_bacteria_627,shap,0.2207
person130_bacteria_628,gradcam,0.0989
person130_bacteria_628,shap,0.1986
person131_bacteria_629,gradcam,0.1869
person131_bacteria_629,shap,0.3853
person132_bacteria_632,gradcam,0.1563
person132_bacteria_632,shap,0.2142
person133_bacteria_633,gradcam,0.1376
person133_bacteria_633,shap,0.3079
person133_bacteria_634,gradcam,0.1185
person133_bacteria_634,shap,0.3178
person133_bacteria_635,gradcam,0.2267
person133_bacteria_635,shap,0.369
person133_bacteria_637,gradcam,0.1142
person133_bacteria_637,shap,0.3389
person133_bacteria_638,gradcam,0.137
person133_bacteria_638,shap,0.3349
person134_bacteria_640,gradcam,0.1706
person134_bacteria_640,shap,0.3258
person134_bacteria_641,gradcam,0.2465
person134_bacteria_641,shap,0.2824
person134_bacteria_642,gradcam,0.1359
person134_bacteria_642,shap,0.2463
person134_bacteria_643,gradcam,0.1363
person134_bacteria_643,shap,0.2207
person134_bacteria_644,gradcam,0.1363
person134_bacteria_644,shap,0.229
person135_bacteria_646,gradcam,0.1032
person135_bacteria_646,shap,0.2451
person135_bacteria_647,gradcam,0.0527
person135_bacteria_647,shap,0.2224
person136_bacteria_648,gradcam,0.058
person136_bacteria_648,shap,0.1595
person136_bacteria_649,gradcam,0.0956
person136_bacteria_649,shap,0.2444
person136_bacteria_650,gradcam,0.0854
person136_bacteria_650,shap,0.3162
person136_bacteria_652,gradcam,0.1235
person136_bacteria_652,shap,0.1696
person136_bacteria_654,gradcam,0.1374
person136_bacteria_654,shap,0.3213
person137_bacteria_655,gradcam,0.2349
person137_bacteria_655,shap,0.3606
person138_bacteria_657,gradcam,0.1091
person138_bacteria_657,shap,0.2824
person138_bacteria_658,gradcam,0.1539
person138_bacteria_658,shap,0.2786
person138_bacteria_659,gradcam,0.1573
person138_bacteria_659,shap,0.272
person139_bacteria_661,gradcam,0.2053
person139_bacteria_661,shap,0.3765
person139_bacteria_662,gradcam,0.095
person139_bacteria_662,shap,0.2475
person139_bacteria_663,gradcam,0.1153
person139_bacteria_663,shap,0.2925
person139_bacteria_664,gradcam,0.1743
person139_bacteria_664,shap,0.289
person139_bacteria_665,gradcam,0.1192
person139_bacteria_665,shap,0.2827
person139_bacteria_666,gradcam,0.1248
person139_bacteria_666,shap,0.1672
person140_bacteria_667,gradcam,0.0911
person140_bacteria_667,shap,0.2927
person140_bacteria_668,gradcam,0.0003
person140_bacteria_668,shap,0.1076
person141_bacteria_670,gradcam,0.0655
person141_bacteria_670,shap,0.1702
person141_bacteria_676,gradcam,0.1829
person141_bacteria_676,shap,0.2226
person141_bacteria_677,gradcam,0.1606
person141_bacteria_677,shap,0.2583
person141_bacteria_678,gradcam,0.1121
person141_bacteria_678,shap,0.2177
person141_bacteria_681,gradcam,0.1256
person141_bacteria_681,shap,0.1421
person142_bacteria_682,gradcam,0.0613
person142_bacteria_682,shap,0.0852
person142_bacteria_683,gradcam,0.0667
person142_bacteria_683,shap,0.1633
person142_bacteria_684,gradcam,0.0806
person142_bacteria_684,shap,0.2505
person143_bacteria_687,gradcam,0.0992
person143_bacteria_687,shap,0.3016
person143_bacteria_688,gradcam,0.2569
person143_bacteria_688,shap,0.3138
person143_bacteria_689,gradcam,0.1585
person143_bacteria_689,shap,0.3304
person144_bacteria_690,gradcam,0.0504
person144_bacteria_690,shap,0.2019
person145_bacteria_696,gradcam,0.143
person145_bacteria_696,shap,0.3481
person146_bacteria_700,gradcam,0.076
person146_bacteria_700,shap,0.1164
person146_bacteria_703,gradcam,0.0854
person146_bacteria_703,shap,0.2245
person146_bacteria_704,gradcam,0.0672
person146_bacteria_704,shap,0.1417
person147_bacteria_705,gradcam,0.1577
person147_bacteria_705,shap,0.3023
person147_bacteria_706,gradcam,0.1271
person147_bacteria_706,shap,0.2945
person147_bacteria_707,gradcam,0.1675
person147_bacteria_707,shap,0.3772
person147_bacteria_711,gradcam,0.1858
person147_bacteria_711,shap,0.2313
person149_bacteria_713,gradcam,0.1892
person149_bacteria_713,shap,0.3082
person14_virus_44,gradcam,0.2254
person14_virus_44,shap,0.2002
person150_bacteria_715,gradcam,0.1746
person150_bacteria_715,shap,0.2399
person150_bacteria_716,gradcam,0.1064
person150_bacteria_716,shap,0.2798
person150_bacteria_717,gradcam,0.0849
person150_bacteria_717,shap,0.164
person151_bacteria_718,gradcam,0.1665
person151_bacteria_718,shap,0.3049
person152_bacteria_720,gradcam,0.1803
person152_bacteria_720,shap,0.279
person152_bacteria_721,gradcam,0.0738
person152_bacteria_721,shap,0.2397
person152_bacteria_722,gradcam,0.0995
person152_bacteria_722,shap,0.1935
person152_bacteria_723,gradcam,0.0066
person152_bacteria_723,shap,0.1596
person152_bacteria_724,gradcam,0.1732
person152_bacteria_724,shap,0.3117
person153_bacteria_725,gradcam,0.1071
person153_bacteria_725,shap,0.2612
person153_bacteria_726,gradcam,0.2092
person153_bacteria_726,shap,0.3617
person154_bacteria_728,gradcam,0.1428
person154_bacteria_728,shap,0.3259
person155_bacteria_729,gradcam,0.1796
person155_bacteria_729,shap,0.2659
person155_bacteria_730,gradcam,0.1224
person155_bacteria_730,shap,0.372
person155_bacteria_731,gradcam,0.0543
person155_bacteria_731,shap,0.2368
person157_bacteria_735,gradcam,0.088
person157_bacteria_735,shap,0.1633
person157_bacteria_739,gradcam,0.0408
person157_bacteria_739,shap,0.1674
person157_bacteria_740,gradcam,0.1408
person157_bacteria_740,shap,0.1801
person158_bacteria_742,gradcam,0.1113
person158_bacteria_742,shap,0.3023
person158_bacteria_743,gradcam,0.2582
person158_bacteria_743,shap,0.4055
person158_bacteria_744,gradcam,0.1683
person158_bacteria_744,shap,0.3179
person158_bacteria_745,gradcam,0.0801
person158_bacteria_745,shap,0.1641
person159_bacteria_746,gradcam,0.1294
person159_bacteria_746,shap,0.2597
person159_bacteria_747,gradcam,0.1501
person159_bacteria_747,shap,0.3301
person15_virus_46,gradcam,0.2063
person15_virus_46,shap,0.3492
person1608_virus_2786,gradcam,0.1364
person1608_virus_2786,shap,0.2642
person1610_virus_2793,gradcam,0.2532
person1610_virus_2793,shap,0.3561
person1612_virus_2797,gradcam,0.0965
person1612_virus_2797,shap,0.2746
person1612_virus_2798,gradcam,0.0608
person1612_virus_2798,shap,0.1216
person1613_virus_2799,gradcam,0.0546
person1613_virus_2799,shap,0.2187
person1614_virus_2800,gradcam,0.0776
person1614_virus_2800,shap,0.1487
person1615_virus_2801,gradcam,0.001
person1615_virus_2801,shap,0.1548
person1616_virus_2802,gradcam,-0.0137
person1616_virus_2802,shap,0.263
person1618_virus_2805,gradcam,0.101
person1618_virus_2805,shap,0.2306
person1619_virus_2806,gradcam,0.0961
person1619_virus_2806,shap,0.1992
person161_bacteria_757,gradcam,0.0735
person161_bacteria_757,shap,0.1586
person161_bacteria_759,gradcam,0.0826
person161_bacteria_759,shap,0.2034
person161_bacteria_762,gradcam,0.1052
person161_bacteria_762,shap,0.116
person1620_virus_2807,gradcam,0.1385
person1620_virus_2807,shap,0.2533
person1622_virus_2810,gradcam,0.0268
person1622_virus_2810,shap,0.1147
person1623_virus_2813,gradcam,0.1655
person1623_virus_2813,shap,0.2949
person1625_virus_2817,gradcam,0.1509
person1625_virus_2817,shap,0.2107
person1626_virus_2818,gradcam,0.1544
person1626_virus_2818,shap,0.2107
person1627_virus_2819,gradcam,0.1049
person1627_virus_2819,shap,0.1402
person1628_virus_2821,gradcam,0.08
person1628_virus_2821,shap,0.3194
person1628_virus_2822,gradcam,-0.0024
person1628_virus_2822,shap,0.1655
person1629_virus_2823,gradcam,0.1589
person1629_virus_2823,shap,0.2053
person1631_virus_2826,gradcam,0.0329
person1631_virus_2826,shap,0.1253
person1632_virus_2827,gradcam,0.1431
person1632_virus_2827,shap,0.1432
person1633_virus_2829,gradcam,0.0578
person1633_virus_2829,shap,0.2183
person1634_virus_2830,gradcam,0.1599
person1634_virus_2830,shap,0.2964
person1635_virus_2831,gradcam,0.1167
person1635_virus_2831,shap,0.1346
person1637_virus_2834,gradcam,0.0717
person1637_virus_2834,shap,0.1448
person1640_virus_2839,gradcam,0.1407
person1640_virus_2839,shap,0.2499
person1641_virus_2840,gradcam,0.099
person1641_virus_2840,shap,0.2308
person1642_virus_2842,gradcam,0.1487
person1642_virus_2842,shap,0.1862
person1643_virus_2843,gradcam,0.143
person1643_virus_2843,shap,0.1587
person1644_virus_2844,gradcam,0.1255
person1644_virus_2844,shap,0.2181
person1645_virus_2845,gradcam,0.122
person1645_virus_2845,shap,0.2016
person1647_virus_2848,gradcam,0.1015
person1647_virus_2848,shap,0.1968
person1649_virus_2850,gradcam,0.0293
person1649_virus_2850,shap,0.1582
person1650_virus_2852,gradcam,0.1771
person1650_virus_2852,shap,0.2419
person1650_virus_2854,gradcam,0.1812
person1650_virus_2854,shap,0.2909
person1651_virus_2855,gradcam,0.0962
person1651_virus_2855,shap,0.1551
person1653_virus_2858,gradcam,0.0556
person1653_virus_2858,shap,0.2235
person1653_virus_2859,gradcam,0.0008
person1653_virus_2859,shap,0.0466
person1655_virus_2861,gradcam,0.0424
person1655_virus_2861,shap,0.1414
person1656_virus_2862,gradcam,0.1408
person1656_virus_2862,shap,0.328
person1657_virus_2864,gradcam,0.0966
person1657_virus_2864,shap,0.1889
person1659_virus_2867,gradcam,0.0911
person1659_virus_2867,shap,0.1573
person1660_virus_2869,gradcam,-0.0082
person1660_virus_2869,shap,0.0385
person1661_virus_2872,gradcam,0.1676
person1661_virus_2872,shap,0.3131
person1661_virus_2873,gradcam,0.1676
person1661_virus_2873,shap,0.3661
person1662_virus_2875,gradcam,0.1736
person1662_virus_2875,shap,0.1629
person1663_virus_2876,gradcam,0.1489
person1663_virus_2876,shap,0.2488
person1664_virus_2877,gradcam,0.0755
person1664_virus_2877,shap,0.2126
person1665_virus_2878,gradcam,0.1677
person1665_virus_2878,shap,0.2426
person1667_virus_2881,gradcam,0.1571
person1667_virus_2881,shap,0.2858
person1668_virus_2882,gradcam,0.0724
person1668_virus_2882,shap,0.1939
person1669_virus_2884,gradcam,0.0118
person1669_virus_2884,shap,0.2015
person1669_virus_2885,gradcam,0.0694
person1669_virus_2885,shap,0.2812
person1670_virus_2886,gradcam,0.0221
person1670_virus_2886,shap,0.2177
person1671_virus_2887,gradcam,0.0451
person1671_virus_2887,shap,0.1364
person1672_virus_2888,gradcam,0.1565
person1672_virus_2888,shap,0.1981
person1673_virus_2889,gradcam,0.1406
person1673_virus_2889,shap,0.276
person1674_virus_2890,gradcam,0.1636
person1674_virus_2890,shap,0.2769
person1675_virus_2891,gradcam,-0.0266
person1675_virus_2891,shap,0.0834
person1676_virus_2892,gradcam,0.1053
person1676_virus_2892,shap,0.2152
person1678_virus_2895,gradcam,0.0879
person1678_virus_2895,shap,0.2306
person1679_virus_2896,gradcam,-0.0128
person1679_virus_2896,shap,0.1477
person1680_virus_2897,gradcam,0.1134
person1680_virus_2897,shap,0.2134
person1682_virus_2899,gradcam,0.035
person1682_virus_2899,shap,0.192
person1685_virus_2903,gradcam,0.0957
person1685_virus_2903,shap,0.1367
person16_virus_47,gradcam,0.1514
person16_virus_47,shap,0.2804
person171_bacteria_826,gradcam,0.0994
person171_bacteria_826,shap,0.2682
person172_bacteria_827,gradcam,0.2223
person172_bacteria_827,shap,0.2987
person172_bacteria_828,gradcam,0.139
person172_bacteria_828,shap,0.2737
person173_bacteria_829,gradcam,0.1031
person173_bacteria_829,shap,0.2628
person173_bacteria_830,gradcam,0.1386
person173_bacteria_830,shap,0.3176
person173_bacteria_831,gradcam,0.1478
person173_bacteria_831,shap,0.374
person174_bacteria_832,gradcam,0.1618
person174_bacteria_832,shap,0.2425
person175_bacteria_833,gradcam,0.1337
person175_bacteria_833,shap,0.3691
person175_bacteria_834,gradcam,0.1361
person175_bacteria_834,shap,0.3932
person175_bacteria_835,gradcam,0.1179
person175_bacteria_835,shap,0.3387
person17_virus_48,gradcam,0.1307
person17_virus_48,shap,0.261
person18_virus_49,gradcam,0.1109
person18_virus_49,shap,0.2975
person19_virus_50,gradcam,0.1449
person19_virus_50,shap,0.2982
person1_virus_11,gradcam,0.1316
person1_virus_11,shap,0.1347
person1_virus_12,gradcam,-0.003
person1_virus_12,shap,0.1782
person1_virus_13,gradcam,0.129
person1_virus_13,shap,0.2323
person1_virus_6,gradcam,0.0908
person1_virus_6,shap,0.1645
person1_virus_7,gradcam,0.0143
person1_virus_7,shap,0.0723
person1_virus_8,gradcam,0.1396
person1_virus_8,shap,0.2569
person1_virus_9,gradcam,0.1942
person1_virus_9,shap,0.2728
person20_virus_51,gradcam,0.2201
person20_virus_51,shap,0.3122
person21_virus_52,gradcam,0.1359
person21_virus_52,shap,0.2447
person21_virus_53,gradcam,0.1623
person21_virus_53,shap,0.2763
person22_virus_54,gradcam,0.1223
person22_virus_54,shap,0.3819
person22_virus_55,gradcam,0.1345
person22_virus_55,shap,0.2199
person23_virus_56,gradcam,0.0977
person23_virus_56,shap,0.1901
person24_virus_58,gradcam,0.2435
person24_virus_58,shap,0.3507
person25_virus_59,gradcam,0.0668
person25_virus_59,shap,0.2054
person26_virus_60,gradcam,0.0789
person26_virus_60,shap,0.1241
person28_virus_62,gradcam,0.1757
person28_virus_62,shap,0.3258
person28_virus_63,gradcam,0.0988
person28_virus_63,shap,0.1784
person29_virus_64,gradcam,0.0061
person29_virus_64,shap,0.1724
person30_virus_69,gradcam,0.2511
person30_virus_69,shap,0.301
person31_virus_70,gradcam,0.1302
person31_virus_70,shap,0.2235
person32_virus_71,gradcam,0.1512
person32_virus_71,shap,0.2381
person33_virus_72,gradcam,0.0344
person33_virus_72,shap,0.1899
person34_virus_76,gradcam,0.1855
person34_virus_76,shap,0.3068
person35_virus_80,gradcam,0.1277
person35_virus_80,shap,0.1742
person36_virus_81,gradcam,0.0565
person36_virus_81,shap,0.0766
person37_virus_82,gradcam,0.2564
person37_virus_82,shap,0.3013
person38_virus_83,gradcam,0.1102
person38_virus_83,shap,0.1633
person38_virus_84,gradcam,0.085
person38_virus_84,shap,0.1942
person39_virus_85,gradcam,0.1454
person39_virus_85,shap,0.2408
person3_virus_15,gradcam,0.2065
person3_virus_15,shap,0.4008
person3_virus_16,gradcam,0.1462
person3_virus_16,shap,0.2038
person3_virus_17,gradcam,0.15
person3_virus_17,shap,0.2734
person40_virus_87,gradcam,0.2428
person40_virus_87,shap,0.2501
person41_virus_88,gradcam,0.1378
person41_virus_88,shap,0.3074
person42_virus_89,gradcam,0.1067
person42_virus_89,shap,0.168
person43_virus_92,gradcam,0.1323
person43_virus_92,shap,0.2442
person44_virus_93,gradcam,0.1847
person44_virus_93,shap,0.2802
person44_virus_94,gradcam,0.2227
person44_virus_94,shap,0.2136
person45_virus_95,gradcam,0.0334
person45_virus_95,shap,0.1396
person46_virus_96,gradcam,0.2155
person46_virus_96,shap,0.3008
person47_virus_99,gradcam,0.1195
person47_virus_99,shap,0.2755
person48_virus_100,gradcam,0.2078
person48_virus_100,shap,0.2783
person49_virus_101,gradcam,0.1492
person49_virus_101,shap,0.2049
person50_virus_102,gradcam,0.119
person50_virus_102,shap,0.2858
person51_virus_105,gradcam,0.1041
person51_virus_105,shap,0.2279
person52_virus_106,gradcam,0.1095
person52_virus_106,shap,0.2065
person53_virus_107,gradcam,0.0678
person53_virus_107,shap,0.2028
person53_virus_108,gradcam,0.1022
person53_virus_108,shap,0.2213
person54_virus_109,gradcam,0.0897
person54_virus_109,shap,0.1544
person55_virus_110,gradcam,0.1557
person55_virus_110,shap,0.2804
person56_virus_112,gradcam,0.0291
person56_virus_112,shap,0.1602
person57_virus_113,gradcam,0.1247
person57_virus_113,shap,0.2285
person59_virus_116,gradcam,0.0164
person59_virus_116,shap,0.1839
person60_virus_117,gradcam,0.1239
person60_virus_117,shap,0.2397
person61_virus_118,gradcam,0.2496
person61_virus_118,shap,0.2177
person62_virus_119,gradcam,0.0387
person62_virus_119,shap,0.2029
person63_virus_121,gradcam,0.2124
person63_virus_121,shap,0.2662
person64_virus_122,gradcam,0.0952
person64_virus_122,shap,0.0921
person65_virus_123,gradcam,0.0977
person65_virus_123,shap,0.2239
person66_virus_125,gradcam,0.1485
person66_virus_125,shap,0.2607
person67_virus_126,gradcam,0.1585
person67_virus_126,shap,0.2795
person69_virus_129,gradcam,0.0373
person69_virus_129,shap,0.1741
person70_virus_130,gradcam,0.044
person70_virus_130,shap,0.1503
person71_virus_131,gradcam,0.111
person71_virus_131,shap,0.2463
person71_virus_132,gradcam,0.102
person71_virus_132,shap,0.1578
person72_virus_133,gradcam,0.1638
person72_virus_133,shap,0.1673
person74_virus_135,gradcam,0.0687
person74_virus_135,shap,0.2227
person75_virus_136,gradcam,0.1356
person75_virus_136,shap,0.2162
person76_virus_138,gradcam,0.0536
person76_virus_138,shap,0.1658
person77_virus_139,gradcam,0.0173
person77_virus_139,shap,0.2575
person78_bacteria_378,gradcam,0.1287
person78_bacteria_378,shap,0.2758
person78_bacteria_380,gradcam,0.1767
person78_bacteria_380,shap,0.2554
person78_bacteria_381,gradcam,0.1409
person78_bacteria_381,shap,0.2926
person78_bacteria_382,gradcam,0.1414
person78_bacteria_382,shap,0.2744
person78_bacteria_384,gradcam,0.1142
person78_bacteria_384,shap,0.2473
person78_bacteria_385,gradcam,0.2171
person78_bacteria_385,shap,0.3593
person78_bacteria_386,gradcam,0.1032
person78_bacteria_386,shap,0.2761
person78_bacteria_387,gradcam,0.1029
person78_bacteria_387,shap,0.1938
person78_virus_140,gradcam,0.1831
person78_virus_140,shap,0.2712
person79_virus_148,gradcam,0.1683
person79_virus_148,shap,0.2384
person80_bacteria_389,gradcam,0.1081
person80_bacteria_389,shap,0.2039
person80_bacteria_390,gradcam,0.1342
person80_bacteria_390,shap,0.2536
person80_bacteria_391,gradcam,0.1084
person80_bacteria_391,shap,0.3139
person80_bacteria_392,gradcam,0.1109
person80_bacteria_392,shap,0.3189
person80_bacteria_393,gradcam,0.0341
person80_bacteria_393,shap,0.1682
person81_bacteria_395,gradcam,0.03
person81_bacteria_395,shap,0.192
person81_bacteria_396,gradcam,0.057
person81_bacteria_396,shap,0.1855
person81_bacteria_397,gradcam,0.0749
person81_bacteria_397,shap,0.2044
person81_bacteria_398,gradcam,0.1008
person81_bacteria_398,shap,0.2101
person82_bacteria_402,gradcam,0.1052
person82_bacteria_402,shap,0.2626
person82_bacteria_403,gradcam,0.0601
person82_bacteria_403,shap,0.1576
person82_bacteria_404,gradcam,0.2031
person82_bacteria_404,shap,0.2861
person82_bacteria_405,gradcam,0.2047
person82_bacteria_405,shap,0.2916
person83_bacteria_407,gradcam,0.1271
person83_bacteria_407,shap,0.3691
person83_bacteria_409,gradcam,0.0458
person83_bacteria_409,shap,0.2774
person83_bacteria_410,gradcam,0.1179
person83_bacteria_410,shap,0.163
person83_bacteria_411,gradcam,0.1845
person83_bacteria_411,shap,0.3033
person83_bacteria_412,gradcam,0.0728
person83_bacteria_412,shap,0.1339
person83_bacteria_414,gradcam,0.1918
person83_bacteria_414,shap,0.3034
person85_bacteria_417,gradcam,0.0996
person85_bacteria_417,shap,0.2705
person85_bacteria_419,gradcam,0.1401
person85_bacteria_419,shap,0.2491
person85_bacteria_421,gradcam,0.1024
person85_bacteria_421,shap,0.2901
person85_bacteria_422,gradcam,0.0365
person85_bacteria_422,shap,0.1672
person85_bacteria_423,gradcam,0.1046
person85_bacteria_423,shap,0.249
person85_bacteria_424,gradcam,0.0943
person85_bacteria_424,shap,0.2667
person86_bacteria_428,gradcam,0.061
person86_bacteria_428,shap,0.1781
person86_bacteria_429,gradcam,0.1642
person86_bacteria_429,shap,0.318
person87_bacteria_433,gradcam,0.0685
person87_bacteria_433,shap,0.1657
person87_bacteria_434,gradcam,0.19
person87_bacteria_434,shap,0.24
person88_bacteria_437,gradcam,0.1226
person88_bacteria_437,shap,0.1961
person88_bacteria_438,gradcam,0.045
person88_bacteria_438,shap,0.1225
person88_bacteria_439,gradcam,0.0505
person88_bacteria_439,shap,0.2099
person89_bacteria_440,gradcam,0.1644
person89_bacteria_440,shap,0.1839
person8_virus_27,gradcam,0.1027
person8_virus_27,shap,0.2579
person8_virus_28,gradcam,0.0719
person8_virus_28,shap,0.2451
person90_bacteria_442,gradcam,0.0878
person90_bacteria_442,shap,0.2021
person90_bacteria_443,gradcam,0.1329
person90_bacteria_443,shap,0.2758
person91_bacteria_445,gradcam,0.1364
person91_bacteria_445,shap,0.2279
person91_bacteria_446,gradcam,0.1424
person91_bacteria_446,shap,0.182
person91_bacteria_447,gradcam,0.1806
person91_bacteria_447,shap,0.3576
person91_bacteria_448,gradcam,0.0661
person91_bacteria_448,shap,0.1907
person91_bacteria_449,gradcam,0.1361
person91_bacteria_449,shap,0.2958
person92_bacteria_450,gradcam,0.2117
person92_bacteria_450,shap,0.3972
person92_bacteria_451,gradcam,0.1423
person92_bacteria_451,shap,0.2516
person93_bacteria_453,gradcam,0.1322
person93_bacteria_453,shap,0.2199
person93_bacteria_454,gradcam,0.0805
person93_bacteria_454,shap,0.2714
person94_bacteria_456,gradcam,0.0165
person94_bacteria_456,shap,0.163
person94_bacteria_457,gradcam,0.08
person94_bacteria_457,shap,0.2222
person94_bacteria_458,gradcam,0.0673
person94_bacteria_458,shap,0.1699
person95_bacteria_463,gradcam,0.1627
person95_bacteria_463,shap,0.2524
person96_bacteria_464,gradcam,0.1631
person96_bacteria_464,shap,0.2928
person96_bacteria_465,gradcam,0.0983
person96_bacteria_465,shap,0.1392
person96_bacteria_466,gradcam,0.0527
person96_bacteria_466,shap,0.1808
person97_bacteria_468,gradcam,0.1177
person97_bacteria_468,shap,0.304
person99_bacteria_473,gradcam,0.1711
person99_bacteria_473,shap,0.343
person99_bacteria_474,gradcam,0.1856
person99_bacteria_474,shap,0.3582
